<beans:beans xmlns:beans="http://www.springframework.org/schema/beans"
             xmlns:xsi="http://www.w3.org/2001/XMLSchema-instance"
             xmlns="http://www.springframework.org/schema/security"
             xsi:schemaLocation="http://www.springframework.org/schema/beans   http://www.springframework.org/schema/beans/spring-beans-4.0.xsd   http://www.springframework.org/schema/security   http://www.springframework.org/schema/security/spring-security-5.7.xsd">
    <http auto-config="true" use-expressions="true">
        <intercept-url pattern="/resources/**" access="permitAll"/>
        <intercept-url pattern="/home*" access="hasAnyRole('ROLE_USER','ROLE_LIBRARIAN')"/>
        <intercept-url pattern="/librarian/**" access="hasRole('ROLE_LIBRARIAN')"/>
        <intercept-url pattern="/user/**" access="hasRole('ROLE_User')"/>
        <form-login login-page="/login" default-target-url="/home" authentication-failure-url="/loginError"/>
        <logout logout-success-url="/" logout-url="/j_spring_security_logout" delete-cookies="JSESSIONID"
                invalidate-session="true"/>
        <csrf disabled="true"/>
        <access-denied-handler error-page="/403"/>
        <session-management invalid-session-url="/login" session-fixation-protection="newSession">
            <concurrency-control max-sessions="1" error-if-maximum-exceeded="true"/>
        </session-management>
    </http>
    <authentication-manager>
        <authentication-provider>
            <password-encoder ref="passwordEncoder"/>
            <jdbc-user-service data-source-ref="dataSource"
                               users-by-username-query="select username, password,'true' as enabled  from user where username=?"
                               authorities-by-username-query="select username, role from user where username=?"/>
        </authentication-provider>
    </authentication-manager>
    <beans:bean id="textEncryptor" class="org.springframework.security.crypto.encrypt.Encryptors"
                factory-method="noOpText"/>
    <beans:bean id="passwordEncoder" class="org.springframework.security.crypto.password.NoOpPasswordEncoder"
                factory-method="getInstance"/>
</beans:beans>
