<?xml version="1.0" encoding="UTF-8"?>
<beans xmlns:mvc="http://www.springframework.org/schema/mvc"
       xmlns:xsi="http://www.w3.org/2001/XMLSchema-instance"
       xmlns:context="http://www.springframework.org/schema/context"
       xmlns:jpa="http://www.springframework.org/schema/data/jpa"
       xmlns="http://www.springframework.org/schema/beans"
       xsi:schemaLocation="http://www.springframework.org/schema/mvc http://www.springframework.org/schema/mvc/spring-mvc.xsd
  http://www.springframework.org/schema/beans http://www.springframework.org/schema/beans/spring-beans.xsd
  http://www.springframework.org/schema/data/jpa http://www.springframework.org/schema/data/jpa/spring-jpa.xsd
  http://www.springframework.org/schema/context http://www.springframework.org/schema/context/spring-context.xsd">
    <bean
            class="org.springframework.web.servlet.view.InternalResourceViewResolver">
        <property name="prefix">
            <value>/WEB-INF/views/</value>
        </property>
        <property name="suffix">
            <value>.jsp</value>
        </property>
    </bean>
    <mvc:annotation-driven/>
    <context:component-scan base-package="org.example.controller"/>
    <context:component-scan base-package="org.example.service"/>
    <jpa:repositories base-package="org.example.dao.repository" entity-manager-factory-ref="emf"/>
    <bean class="org.springframework.web.servlet.view.InternalResourceViewResolver">
        <property name="prefix" value="/WEB-INF/views/"/>
        <property name="suffix" value=".jsp"/>
    </bean>
    <bean id="emf" class="org.springframework.orm.jpa.LocalContainerEntityManagerFactoryBean">
        <property name="packagesToScan" value="org.example.model"/>
        <property name="dataSource" ref="dataSource"/>
        <property name="jpaProperties">
            <props>
                <prop key="hibernate.show_sql">true</prop>
                <prop key="hibernate.format_sql">true</prop>
                <!--                                                           <prop key="hibernate.hbm2ddl.auto">create-only</prop>-->
                <prop key="hibernate.dialect">org.hibernate.dialect.MySQLDialect</prop>
            </props>
        </property>
        <property name="persistenceProvider">
            <bean class="org.hibernate.jpa.HibernatePersistenceProvider"/>
        </property>
    </bean>
    <bean class="org.springframework.jdbc.datasource.SimpleDriverDataSource" id="dataSource">
        <property name="driverClass" value="com.mysql.jdbc.Driver"/>
        <property name="url" value="jdbc:mysql://localhost:3306/librarymanagement"/>
        <property name="username" value="root"/>
        <property name="password" value="Ashini@12345"/>
    </bean>
    <bean id="transactionManager" class="org.springframework.orm.jpa.JpaTransactionManager">
        <property name="dataSource" ref="dataSource"/>
    </bean>
    <bean id="userService" class="org.example.service.implementation.UserServiceImpl"/>
    <!--        <property name="userRepository" ref="userRepository"/>-->
    <!--    </bean>-->
    <bean id="addressService" class="org.example.service.implementation.AddressServiceImpl"/>
    <bean id="booksService" class="org.example.service.implementation.BooksServiceImpl"/>
    <bean id="orderBooksService" class="org.example.service.implementation.OrderBooksServiceImpl"/>
    <mvc:resources mapping="/css/**" location="/css/"/>
    <mvc:annotation-driven/>
</beans>